{
"tree" : {"children" : [
{
"name" : "wire",
"index" : 0,
"children" : []}
]},
"pictureData" : [
{
"name" : "wire",
"type" : 0,
"coords" : [0.0,0.0,0.0,1.0,1.0,1.0,0.4591751709536137,0.4591751709536137,0.5816496580927726,0.7478503055484266,0.7478503055484266,0.8703247926875856,0.05092688048975058,0.05092688048975058,1.3981462390204988,0.8127285615468876,0.10562178036033992,0.5816496580927726],
"results" : [],
"groups" : ["additional","EDGE0"],
"faces" : [[],[]],
"uvCoords" : [[],[]],
"edges" : [[2,3,2,4,2,5],[0,1]],
"text2d" : [3,"x",4,"y",5,"z"],
"groupSettings" : [{},{}],
"simpleShapes" : [[],[]],
"objectSettings" : {"lineColor" : "#000000","faceColor" : "#00ff00","textColor" : "#000000","textSize" : 0.1,"transparancy" : 0.0,"lineWidth" : 1.0,"texture" : {}},
"pointsTable" : {"maxR" : 0.0,"minR" : 0.0,"tableSize" : 10,"table" : [[0],[],[],[],[],[],[],[],[],[2,5,3,4,1]]}
}
],
"minResult" : 1.7976931348623157E308,
"maxResult" : -1.7976931348623157E308
}